 , 
,
\\本站点\产品PC.上下料产品型号选择PC,整型
\\本站点\产品PC.链轮链速设定PC,实型
\\本站点\产品PC.链速上限值PC,实型
\\本站点\产品PC.链速下限值PC,实型
\\本站点\产品PC.暂停延时设定PC,实型
\\本站点\产品PC.电解化剂泵PC.化剂泵旁路PC,离散型
\\本站点\产品PC.去氧化化剂泵PC.化剂泵旁路PC,离散型
\\本站点\产品PC.预浸化剂泵PC.化剂泵旁路PC,离散型
\\本站点\产品PC.电镀1化剂泵PC.化剂泵旁路PC,离散型
\\本站点\产品PC.电镀2化剂泵PC.化剂泵旁路PC,离散型
\\本站点\产品PC.电镀3化剂泵PC.化剂泵旁路PC,离散型
\\本站点\产品PC.电镀4化剂泵PC.化剂泵旁路PC,离散型
\\本站点\产品PC.中和1化剂泵PC.化剂泵旁路PC,离散型
\\本站点\产品PC.中和2化剂泵PC.化剂泵旁路PC,离散型
\\本站点\产品PC.热水洗化剂泵PC.化剂泵旁路PC,离散型
\\本站点\产品PC.退镀1化剂泵PC.化剂泵旁路PC,离散型
\\本站点\产品PC.退镀2化剂泵PC.化剂泵旁路PC,离散型
\\本站点\产品PC.自来水洗化剂泵PC.化剂泵旁路PC,离散型
\\本站点\产品PC.高压泵1PC.高压泵旁路PC,离散型
\\本站点\产品PC.高压泵1PC.设定水压PC,整型
\\本站点\产品PC.高压泵1PC.水压下限PC,整型
\\本站点\产品PC.高压泵1PC.水压上限PC,整型
\\本站点\高压泵1水压补偿PC,整型
\\本站点\产品PC.高压泵2PC.高压泵旁路PC,离散型
\\本站点\产品PC.高压泵2PC.设定水压PC,整型
\\本站点\产品PC.高压泵2PC.水压下限PC,整型
\\本站点\产品PC.高压泵2PC.水压上限PC,整型
\\本站点\高压泵2水压补偿PC,整型
\\本站点\产品PC.电解整流器PC.模式PC,离散型
\\本站点\产品PC.电解整流器PC.整流器旁路PC,离散型
\\本站点\产品PC.电解整流器PC.设定电压PC,实型
\\本站点\产品PC.电解整流器PC.设定电流PC,实型
\\本站点\产品PC.电解整流器PC.电压下限PC,实型
\\本站点\产品PC.电解整流器PC.电压上限PC,实型
\\本站点\产品PC.电解整流器PC.电流下限PC,实型
\\本站点\产品PC.电解整流器PC.电流上限PC,实型
\\本站点\产品PC.预浸整流器PC.模式PC,离散型
\\本站点\产品PC.预浸整流器PC.整流器旁路PC,离散型
\\本站点\产品PC.预浸整流器PC.设定电压PC,实型
\\本站点\产品PC.预浸整流器PC.设定电流PC,实型
\\本站点\产品PC.预浸整流器PC.电压下限PC,实型
\\本站点\产品PC.预浸整流器PC.电压上限PC,实型
\\本站点\产品PC.预浸整流器PC.电流下限PC,实型
\\本站点\产品PC.预浸整流器PC.电流上限PC,实型
\\本站点\产品PC.电镀1整流器PC.模式PC,离散型
\\本站点\产品PC.电镀1整流器PC.整流器旁路PC,离散型
\\本站点\产品PC.电镀1整流器PC.设定电压PC,实型
\\本站点\产品PC.电镀1整流器PC.设定电流PC,实型
\\本站点\产品PC.电镀1整流器PC.电压下限PC,实型
\\本站点\产品PC.电镀1整流器PC.电压上限PC,实型
\\本站点\产品PC.电镀1整流器PC.电流下限PC,实型
\\本站点\产品PC.电镀1整流器PC.电流上限PC,实型
\\本站点\产品PC.电镀2整流器PC.模式PC,离散型
\\本站点\产品PC.电镀2整流器PC.整流器旁路PC,离散型
\\本站点\产品PC.电镀2整流器PC.设定电压PC,实型
\\本站点\产品PC.电镀2整流器PC.设定电流PC,实型
\\本站点\产品PC.电镀2整流器PC.电压下限PC,实型
\\本站点\产品PC.电镀2整流器PC.电压上限PC,实型
\\本站点\产品PC.电镀2整流器PC.电流下限PC,实型
\\本站点\产品PC.电镀2整流器PC.电流上限PC,实型
\\本站点\产品PC.电镀3整流器PC.模式PC,离散型
\\本站点\产品PC.电镀3整流器PC.整流器旁路PC,离散型
\\本站点\产品PC.电镀3整流器PC.设定电压PC,实型
\\本站点\产品PC.电镀3整流器PC.设定电流PC,实型
\\本站点\产品PC.电镀3整流器PC.电压下限PC,实型
\\本站点\产品PC.电镀3整流器PC.电压上限PC,实型
\\本站点\产品PC.电镀3整流器PC.电流下限PC,实型
\\本站点\产品PC.电镀3整流器PC.电流上限PC,实型
\\本站点\产品PC.电镀4整流器PC.模式PC,离散型
\\本站点\产品PC.电镀4整流器PC.整流器旁路PC,离散型
\\本站点\产品PC.电镀4整流器PC.设定电压PC,实型
\\本站点\产品PC.电镀4整流器PC.设定电流PC,实型
\\本站点\产品PC.电镀4整流器PC.电压下限PC,实型
\\本站点\产品PC.电镀4整流器PC.电压上限PC,实型
\\本站点\产品PC.电镀4整流器PC.电流下限PC,实型
\\本站点\产品PC.电镀4整流器PC.电流上限PC,实型
\\本站点\产品PC.退镀1整流器PC.模式PC,离散型
\\本站点\产品PC.退镀1整流器PC.整流器旁路PC,离散型
\\本站点\产品PC.退镀1整流器PC.设定电压PC,实型
\\本站点\产品PC.退镀1整流器PC.设定电流PC,实型
\\本站点\产品PC.退镀1整流器PC.电压下限PC,实型
\\本站点\产品PC.退镀1整流器PC.电压上限PC,实型
\\本站点\产品PC.退镀1整流器PC.电流下限PC,实型
\\本站点\产品PC.退镀1整流器PC.电流上限PC,实型
\\本站点\产品PC.退镀2整流器PC.模式PC,离散型
\\本站点\产品PC.退镀2整流器PC.整流器旁路PC,离散型
\\本站点\产品PC.退镀2整流器PC.设定电压PC,实型
\\本站点\产品PC.退镀2整流器PC.设定电流PC,实型
\\本站点\产品PC.退镀2整流器PC.电压下限PC,实型
\\本站点\产品PC.退镀2整流器PC.电压上限PC,实型
\\本站点\产品PC.退镀2整流器PC.电流下限PC,实型
\\本站点\产品PC.退镀2整流器PC.电流上限PC,实型
\\本站点\电解化剂温度补偿PC,实型
\\本站点\去氧化化剂温度补偿PC,实型
\\本站点\预浸化剂温度补偿PC,实型
\\本站点\电镀化剂温度补偿PC,实型
\\本站点\中和1#化剂温度补偿PC,实型
\\本站点\中和2#化剂温度补偿PC,实型
\\本站点\热水洗化剂温度补偿PC,实型
\\本站点\热水预热化剂温度补偿PC,实型
\\本站点\烘干化剂温度补偿PC,实型
\\本站点\电解整流器电压补偿PC,实型
\\本站点\电解整流器电流补偿PC,实型
\\本站点\预浸整流器电压补偿PC,实型
\\本站点\预浸整流器电流补偿PC,实型
\\本站点\电镀1整流器电压补偿PC,实型
\\本站点\电镀1整流器电流补偿PC,实型
\\本站点\电镀2整流器电压补偿PC,实型
\\本站点\电镀2整流器电流补偿PC,实型
\\本站点\电镀3整流器电压补偿PC,实型
\\本站点\电镀3整流器电流补偿PC,实型
\\本站点\电镀4整流器电压补偿PC,实型
\\本站点\电镀4整流器电流补偿PC,实型
\\本站点\退镀1整流器电压补偿PC,实型
\\本站点\退镀1整流器电流补偿PC,实型
\\本站点\退镀2整流器电压补偿PC,实型
\\本站点\退镀2整流器电流补偿PC,实型
